Артикул;Номенклатура;Тип;Ед;Дополнительное описание номенклатуры;Картинка;Цена
;Детские ;;;;;
;Dolphin 12";товар;шт;1-ск., рама  STEEL (8.5"), зад. ножн. тормоз, длинные крылья, поддерживающая ручка, багажник, высокий руль с накладками, рюкзак, флаг, дудка;;5550
;Dolphin 14";товар;шт;1-ск., рама  STEEL (10"), зад. ножн. тормоз, длинные крылья, поддерживающая ручка, багажник, высокий руль с накладками, рюкзак, флаг, дудка;;5900
;Dolphin 16";товар;шт;1-ск., рама  STEEL (11"), зад. ножн. тормоз, длинные крылья, багажник, высокий руль с накладками, рюкзак, флаг, дудка;;6095
;ECHO 12";товар;шт;1-ск., рама  STEEL (8"), зад. ножн. тормоз, длинные крылья, поддерживающая ручка, высокий руль с накладками, корзина, кресло для куклы, звонок;;5550
;ECHO 16";товар;шт;1-ск., рама  STEEL (9.5"), зад. ножн. тормоз, длинные крылья, высокий руль с накладками, корзина, кресло для куклы, звонок;;6095
;Pilot-110 12".12;товар;шт;1-ск., длинные крылья, зад. ножн. тормоз, поддерживающая ручка, багажник, высокий руль с накладками, дудка,  рюкзак,  флаг;;4230
;Pilot-110 12";товар;шт;1-ск., рама STEEL (8.5"), зад. ножн. тормоз, высокий руль с накладками, длинные крылья, багажник, поддерживающая ручка, дудка, рюкзак, флаг;;5550
;Pilot-110 14";товар;шт;1-ск., рама  STEEL (10"), зад. ножн. тормоз, высокий руль с накладками, длинные крылья, багажник, поддерживающая ручка, дудка, рюкзак, флаг;;5960
;Pilot-110 16";товар;шт;1-ск., рама  STEEL (10.5"), зад. ножн. тормоз, высокий руль с накладками, длинные крылья, багажник, дудка, рюкзак, флаг;;6095
;Pilot-120 16";товар;шт;1-ск, рама  STEEL (10"), задн. ножной тормоз, высокий руль с накладками, длинные крылья, багажник, корзинка, звонок, зеркало;;6230
;Pilot-130 16".13;товар;шт;1-ск., рама сталь, зад. ножн. тормоз, передн. ручной тормоз, длинные крылья, багажник, высокий руль с накладками, звонок;;5985
;Pilot-130 16";товар;шт;1-ск., рама  STEEL (8.5"), зад. ножн. тормоз, передн. ручной тормоз, длинные крылья, багажник, высокий руль с накладками, звонок;;6295
;Pilot-130 18";товар;шт;1-ск., рама  STEEL (9.5"), зад. ножн. тормоз, передн. ручной тормоз, длинные крылья, багажник, высокий руль с накладками, звонок;;6430
;Pilot-140 16".14;товар;шт;1-ск., рама сталь, зад. ножн. тормоз, передний ручной тормоз, длинные крылья, багажник, высокий руль с накладками, звонок;;6260
;Pilot-140 16" (новая модель);товар;шт;1-ск., рама  STEEL (8.5"), зад. ножн. тормоз, передний ручной тормоз, длинные крылья, багажник, высокий руль с накладками, звонок;;6370
;Pilot-140 18".14;товар;шт;1-ск., рама сталь, зад. ножн. тормоз,передний ручной тормоз, длинные крылья, багажник, высокий руль с накладками, звонок;;6120
;Pilot-140 18" (новая модель);товар;шт;1-ск., рама  STEEL (8.5"), зад. ножн. тормоз,передний ручной тормоз, длинные крылья, багажник, высокий руль с накладками, звонок;;6505
;Pilot-150 16" (Army) (новая модель);товар;шт;1-ск., рама  STEEL (10"), зад. ножн. тормоз, передний ручной тормоз, короткие стальные крылья, высокий руль с накладками, звонок;;6565
;Pilot-150 16";товар;шт;1-ск., рама  STEEL (10"), зад. ножн. тормоз, передний ручной тормоз, короткие стальные крылья, высокий руль с накладками, звонок;;6565
;Pilot-160 16";товар;шт;1-ск., рама  STEEL (8.5"), AL обода, задн. ножной тормоз, короткие стальные крылья, высокий руль с накладками, звонок;;6640
;Pilot-160 18";товар;шт;1-ск., рама  STEEL (10"), AL обода, задн. ножной тормоз, короткие стальные крылья, высокий руль с накладками, звонок;;6705
;Pilot-170 12";товар;шт;1-ск., рама  STEEL (8.5"), зад. ножн. тормоз, короткие стальные крылья, высокий руль с накладками, звонок;;5410
;Pilot-170 14";товар;шт;1-ск., рама  STEEL (8.5"), зад. ножн. тормоз, короткие стальные крылья, высокий руль с накладками, звонок;;5820
;Pilot-170 16";товар;шт;1-ск., рама  STEEL (8.5"), зад. ножн. тормоз, короткие стальные крылья, высокий руль с накладками, звонок;;5960
;Pilot-170 18";товар;шт;1-ск., рама  STEEL (9.5"), зад. ножн. тормоз, короткие стальные крылья, высокий руль с накладками, звонок;;6705
;Pilot-170 20";товар;шт;1-ск., рама AL (9.5"), двойные AL обода, задн. ножной тормоз KT, передний тормоз V-типа TEKTRO, короткие стальные крылья, высокий руль с накладками, поддерживающие колеса, звонок;;11110
;Pilot-180 16";товар;шт;1-ск., рама AL (9"), AL обода, алюм. тормоза, втулки KT, стальные крылья, звонок, доп. колеса;;11250
;Pilot-190 16";товар;шт;1-ск., paмa AL (8.5"), AL обода, алюм. тормоза, втулки KT, стальные крылья, звонок, доп. колеса;;10015
;Pilot-190 18";товар;шт;1-ск., paмa AL (10"), AL обода, алюм. тормоза, втулки KT, стальные крылья, звонок, доп. колеса;;10700
;Arrow 12";товар;шт;1-ск., рама  STEEL (8.5"), зад. ножн. тормоз, передний ручной тормоз, короткие стальные крылья, высокий руль с накладками, звонок;;4740
;Arrow 14";товар;шт;1-ск., рама  STEEL (8.5"), зад. ножн. тормоз, передний ручной тормоз, короткие стальные крылья, высокий руль с накладками, звонок;;4940
;Arrow 16";товар;шт;1-ск., рама  STEEL (9.5"), зад. ножн. тормоз, передний ручной тормоз, короткие стальные крылья, высокий руль с накладками, звонок;;5275
;Flash 12";товар;шт;1-ск., рама  STEEL (8.5"), зад. ножн. тормоз, длинные крылья, поддерживающая ручка, багажник, высокий руль с накладками, рюкзак, флаг, зеркало, звонок;;5155
;Flash 14";товар;шт;1-ск., рама  STEEL (10"), зад. ножн. тормоз, длинные крылья, поддерживающая ручка, багажник, высокий руль с накладками, рюкзак, флаг, зеркало, звонок;;5350
;Flash 16";товар;шт;1-ск., рама  STEEL (10.5"), зад. ножн. тормоз, длинные крылья, поддерживающая ручка, багажник, высокий руль с накладками, рюкзак, флаг, зеркало, звонок;;5625
;Flash 18";товар;шт;1-ск., рама  STEEL (11"), зад. ножн. тормоз, длинные крылья, багажник, высокий руль с накладками, рюкзак, флаг, зеркало, звонок;;5820
;Fortune 16";товар;шт;1-ск., рама  STEEL (10"), зад. ножн. тормоз, длинные крылья, багажник, высокий руль с накладками, звонок;;5075
;Jet 12";товар;шт;1-ск., рама  STEEL (8"), зад. ножн. тормоз, передний ручной тормоз, высокий руль с накладками, короткие стальные крылья, звонок, защитные пластиковые щитки на раме;;4740
;Jet 14";товар;шт;1-ск., рама  STEEL (8.5"), зад. ножн. тормоз, передний ручной тормоз, высокий руль с накладками, короткие стальные крылья, звонок, защитные пластиковые щитки на раме;;5015
;Jet 16";товар;шт;1-ск., рама  STEEL (9"), зад. ножн. тормоз, передний ручной тормоз, высокий руль с накладками, короткие стальные крылья, звонок, защитные пластиковые щитки на раме;;5350
;Jet 18";товар;шт;1-ск., рама  STEEL (10"), зад. ножн. тормоз, передний ручной тормоз, высокий руль с накладками, короткие стальные крылья, звонок, защитные пластиковые щитки на раме;;5760
;Joy 12";товар;шт;1-ск., рама  STEEL (8.5"), зад. ножн. тормоз, высокий руль с накладками, длинные крылья, багажник, поддерживающая ручка, звонок, стальная корзина;;5275
;Joy 14";товар;шт;1-ск., рама  STEEL (10"), зад. ножн. тормоз, высокий руль с накладками, длинные крылья, багажник, поддерживающая ручка, звонок, стальная корзина;;5550
;Joy 16";товар;шт;1-ск., рама  STEEL (10.5"), зад. ножн. тормоз, высокий руль с накладками, длинные крылья, багажник, звонок, стальная корзина;;5820
;Magic 12";товар;шт;1-ск., рама  STEEL (8"), зад. ножн. тормоз, высокий руль с накладками, длинные крылья, багажник, поддерживающая ручка, звонок, зеркало;;4740
;Magic 14";товар;шт;1-ск., рама  STEEL (10"), зад. ножн. тормоз, высокий руль с накладками, длинные крылья, багажник, поддерживающая ручка, звонок, зеркало;;5015
;Talisman 16" (black);товар;шт;1-ск., рама  STEEL (11"), зад. ножн. тормоз, AL обода, высокий руль с накладками, трёхкомпонентные шатуны, длинные крылья, багажник, звонок, рюкзак, зеркало, флаг;;5550
;Talisman 16" (chrome);товар;шт;1-ск., рама  STEEL (10.5"), зад. ножн. тормоз, высокий руль с накладками, длинные крылья, багажник, звонок, зеркало;;5275
;Talisman 16".14 (black);товар;шт;'1-ск., рама сталь, трёхкомпонентные шатуны, зад. ножн. тормоз, длинные крылья,
багажник, высокий руль с накладками, зеркало, звонок';;5550
;Talisman 18" (black);товар;шт;1-ск., рама  STEEL (11"), зад. ножн. тормоз, AL обода, высокий руль с накладками, трёхкомпонентные шатуны, длинные крылья, багажник, звонок;;5685
;Складные;;;;;
;Pilot-310 20" (производство);товар;шт;Велосипед 20" STELS Pilot-3101-ск, рама сталь (короткая база),  длинные крылья из нержавеющей стали, зад.нож.тормоз, AL обода, багажник, звонок, насос;;6900
;Pilot-350 20";товар;шт;6-ск, рама  STEEL (13"), SHIMANO SL-RS35/RD-TY21/MF-TZ20, AL обода, AL тормоза V-типа, длинные стальные крылья,  багажник, зеркало, насос, звонок;;9015
;Pilot-410 20";товар;шт;Велосипед 20" STELS Pilot-410 1-ск, рама сталь,  длинные крылья из нержавеющей стали, зад.нож.тормоз, AL обода, багажник, звонок, насос;;6900
;Pilot-420 20".13;товар;шт;1-ск, рама сталь, AL обода, зад.нож.тормоз, передний AL тормоз V-типа, длинные крылья из нержавеющей стали, покрышки KENDA, багажник, насос, звонок;;7720
;Pilot-430 20";товар;шт;3-ск, рама  STEEL (15"), двойные AL обода, зад. ножн. тормоз SHIMANO, длинные крылья из нержавеющей стали, покрышки KENDA, багажник, зеркало, насос, звонок;;12465
;Pilot-450 20";товар;шт;6-ск, рама  STEEL (15"), SHIMANO SL-RS35/RD-TY21/MF-TZ20, AL чёрные обода, AL тормоза V-типа, длинные крылья из нержавеющей стали, багажник, зеркало, насос, звонок;;10155
;Pilot-670 20" (новая модель);товар;шт;8-ск, рама AL (13"), SHIMANO SL-M360/RD-2400/CS-HG31, двойные AL обода, зад. ножн. тормоз SHIMANO, длинные пластиковые крылья, покрышки KENDA, седло VELO, звонок;;22070
;Pilot-710 24";товар;шт;Велосипед 24" STELS Pilot-710 1-ск, рама сталь,  длинные крылья из нержавеющей стали, зад.нож.тормоз, AL обода, багажник, звонок, насос;;7310
;Pilot-730 24";товар;шт;3-ск, рама  STEEL (16"), SHIMANO Nexus, двойные AL обода, зад. ножн. тормоз SHIMANO, длинные крылья из нержавеющей стали, покрышки KENDA, багажник, зеркало, насос, звонок;;13955
;Pilot-750 24";товар;шт;6-ск, рама  STEEL (16"), SHIMANO MF-TZ20/SL-RS35/RD-TY21, тормоза V-типа POWER, двойные AL обода,  длинные крылья из нержавеющей стали, покрышки CHAO YANG, багажник, зеркало, насос, звонок;;11250
;Pilot-810 24";товар;шт;1-ск, рама AL (16"), двойные AL обода, зад. ножн. тормоз KT, длинные крылья из нержавеющей стали, покрышки KENDA, багажник, зеркало, насос, звонок;;12995
;Подростковые ;;;;;
;Pilot-200 Gent 20";товар;шт;1-ск., рама  STEEL (11"), AL обода, задн. ножной тормоз, передний тормоз V-типа, стальные крылья, звонок;;9620
;Pilot-200 Lady 20" (новый дизайн);товар;шт;1-ск, рама  STEEL (12"), длинные стальные крылья, руль с накладками, зад. ножной тормоз, багажник, звонок;;9760
;Pilot-210 Gent 20";товар;шт;1-ск, рама  AL (11"), двойные AL обода, зад. ножн. тормоз, передний тормоз V-типа, короткие стальные крылья, звонок;;11645
;Pilot-210 Lady 20" (новый дизайн);товар;шт;1-ск, рама AL (11"), AL обода, стальные крылья, багажник, звонок;;13270
;Pilot-220 20".13 Girl;товар;шт;3-ск, рама AL (280мм), SHIMANO Nexus, AL обода, зад. ножной тормоз, передний тормоз V-типа, длинные пластиковые крылья, комфортное седло, багажник, зад. фонарь, перед. фара, звонок;;12465
;Pilot-220 20".14 Girl;товар;шт;3-ск, рама AL (280мм), SHIMANO Nexus, AL обода, зад. ножной тормоз, передний тормоз V-типа, длинные пластиковые крылья, комфортное седло, багажник, зад. фонарь, перед. фара, звонок;;15170
;Pilot-220 Gent 20";товар;шт;3-ск, рама AL (11"), SHIMANO, двойные AL обода, зад. ножной тормоз, передний тормоз V-типа, стальные крылья, звонок;;13955
;Pilot-230 20".14 Boy;товар;шт;6-ск, рама  AL (280мм), SHIMANO SL-RS36/RD-TY21/MF-TZ20, AL тормоза V-типа, AL обода, покрышки KENDA, короткие AL крылья, комф. седло CIONLLI, защита зад. перекл., звонок;;13815
;Pilot-230 20".14 Girl;товар;шт;6-ск, рама  AL (280мм), SHIMANO SL-RS36/RD-TY21, двойные AL обода, AL тормоза V-типа, короткие стальные крылья, защита заднего переключателя, звонок;;14485
;Pilot-230 Gent 20";товар;шт;6-ск, рама  AL (11"), SHIMANO SL-RS36/RD-TY21, двойные AL обода, AL тормоза, стальные крылья, звонок;;13815
;Pilot-230 Lady 20" (новый дизайн);товар;шт;6-ск, рама AL (11"), двойные AL обода,алюм. тормоз, крылья из стали, звонок, багажник;;14485
;Pilot-230.12 Girl;товар;шт;20"  6-ск., SHIMANO RD-TY18/SL-RS35, AL рама, аморт. вилка, AL обода, короткие стальные крылья, AL тормоза V-типа, звонок;;11780
;Pilot-240 20".14 Girl;товар;шт;6-ск, рама  AL (280мм), SHIMANO SL-RS36/RD-TY22/MF-TZ20,  аморт. вилка SR SUNTOUR, AL обода, AL тормоза V-типа, длинные AL крылья, комфортное седло, защита зад. перекл., поддерживающие колеса, звонок;;13545
;Pilot-240 Gent 20";товар;шт;12-ск, рама  AL (11"), SHIMANO MF-TZ20/FD-M190/RD-TY21/SL-RS35, вилка SR SUNTOUR, AL обода, AL тормоза,стальные крылья,звонок;;15715
;Pilot-240 Lady 20" 1-sp (новый дизайн);товар;шт;1-ск, рама  AL (11"), стальная вилка, AL обода, AL тормоза, стальные крылья, звонок;;13815
;Pilot-240 Lady 20" 3-sp (новый дизайн);товар;шт;3-ск, рама  AL (11"), SHIMANO, стальная вилка, AL обода, AL тормоза, стальные крылья, звонок;;16110
;Pilot-240.12 Girl;товар;шт;20"  6-ск., SHIMANO RD-TY22/SL-RS35, AL рама, AL обода, аморт. вилка, короткие AL крылья, AL тормоза V-типа, доп. колеса, звонок;;13270
;Pilot-250 20";товар;шт;6-ск, рама  STEEL (13"), аморт. вилка ZOOM, SHIMANO SL-RS36/RD-TY21, двойные AL обода, тормоза V-типа POWER, пластиковые крылья, рога;;13545
;Pilot-260 20";товар;шт;6-ск, рама  STEEL (13"), аморт. вилка, SHIMANO SL-RS36/RD-TY21, AL обода, тормоза V-типа POWER, пластиковые крылья;;11915
;Pilot-270 20";товар;шт;6-ск, рама  STEEL (13"), аморт. вилка ZOOM, SHIMANO MF-TZ20/SL-RS36/RD-TY21, двойные AL обода, тормоза V-типа RADIUS, пластиковые крылья;;14620
;Pilot-280 MD 20" (новая модель);товар;шт;7-ск, повышенная проходимость (FAT-BIKE), рама AL (11"), аморт. вилка, SHIMANO MF-TZ21/SL-RS35/RD-M360, двойные AL обода, мех. дисковый тормоза TEKTRO, покрышки 20"x4.0" CHAO YANG , звонок;;19775
;Pilot-290 20";товар;шт;6-ск, рама AL (12"), аморт. вилка  XCT SR SUNTOUR, SHIMANO SL-RS36/RD-TY21/MF-TZ20, двойные AL обода WEINMANN, тормоза V-типа TEKTRO, пластиковые крылья, звонок;;18820
;Pilot-290.13;товар;шт;6-ск, рама AL (300мм), аморт. вилка  XCT SR SUNTOUR, SHIMANO SL-RS36/RD-TY21/MF-TZ20, двойные AL обода WEINMANN, AL тормоза V-типа TEKTRO, пластиковые крылья, звонок;;16795
;Mustang V 24" (новый дизайн);товар;шт;18-ск., рама  STEEL (16"), аморт. вилка сталь, SHIMANO SL-RS36/FD-TY10/RD-TX35D/MF-TZ20 ,AL обода, AL тормоза V-типа POWER, пл. крылья;;14090
;Navigator-400 V 24";товар;шт;18-ск., рама  STEEL (14"), аморт. вилка стальная, SHIMANO SL-RS36/FD-TZ30/RD-TX35/MF-TZ20, двойные AL обода, AL тормоза, пл. крылья, звонок;;12465
;Navigator-410 V 24";товар;шт;18-ск., рама  STEEL (15"), аморт. вилка SR SUNTOUR, SHIMANO SL-RS36/FD-TY10/RD-TX35D/MF-TZ20, двойные AL обода, AL тормоза, пл. крылья;;13680
;Navigator-420 V 24";товар;шт;18-ск., рама AL (13"), аморт.вилка SR SUNOTUR, SHIMANO SL-RS45/FD-TX50/RD-TX35D/MF-TZ20, двойные AL обода, AL тормоза V-типа POWER , пл. крылья, звонок;;15305
;Navigator-430 V 24".14;товар;шт;6-ск, рама AL, аморт. вилка XCT SR SUNTOUR, SHIMANO SL-RS41/RD-TY18/MF-TZ20, двойные  AL обода, AL тормоза V-типа, пл. крылья, звонок.;;12390
;Navigator-430 V 24" (новый дизайн);товар;шт;6-ск., рама AL (11,5"), аморт. вилка SR SUNTOUR, SHIMANO SL-RS45-6R/RD-TX35D/MF-TZ20, двойные AL обода, AL тормоза POWER, пл. крылья;;15715
;Navigator-440 V 24";товар;шт;18-ск., рама AL (11,5"), аморт.вилка SR SUNTOUR, SHIMANO SL-RS36/FD-TY10/RD-TX35D/MF-TZ20, двойные AL обода, тормоза AL , пл. крылья;;14970
;Navigator-450 V 24";товар;шт;18-ск., рама AL (14"), аморт.вилка SR SUNTOUR, SHIMANO SL-RS36/FD-TY10/RD-TX35D/MF-TZ20, двойные AL обода, AL тормоза, пл. крылья, звонок;;14350
;Navigator-460 V 24";товар;шт;18-ск., рама AL (11,5"), аморт. вилка SR SUNTOUR, SHIMANO SL-RS45/FD-TY10/RD-TX35/MF-TZ20, двойные AL обода, AL тормоза  ,  пл. крылья;;16385
;Navigator-470 MD 24";товар;шт;21-ск, рама AL (14"), аморт. вилка XCT SR SUNTOUR, SHIMANO ST-EF51/FD-TX50/RD-M310/MF-TZ21, двойные AL обода, AL тормоза, пл. крылья;;19640
;Navigator-470 V 24";товар;шт;21-ск., рама AL (14"), аморт.вилка SR SUNOTUR, SHIMANO ST-EF51/FD-TX50/RD-M310/MF-TZ21, двойные AL обода, AL тормоза, пл. крылья;;17205
;Navigator-480 MD 24" (новая модель);товар;шт;14-ск., повышенная проходимость (FAT-BIKE), paмa AL (13.5"), вилка  алюминий, SHIMANO MF-TZ21/FD-M410/RD-M360/SL-RS36, двойные AL обода, механические дисковые тормоза TEKTRO, покрышки 20"x4.0" CHAO YANG, звонок;;24655
;Navigator-490 MD 24" (новый дизайн);товар;шт;21-ск, рама AL (14"), вилка  SR SUNTOUR, SHIMANO ST-EF51/FD-M190/RD-M360, AL обода, AL тормоза, пластиковые крылья;;23835
;Navigator-490 V 24".12;товар;шт;24" 21-ск, 2-х подвес., рама AL, Shimano FD-M190A/M360(ACERA)/ST-EF51, вилка SF9-XCT JR-24", пл. крылья, дв. AL обод;;19580
;Navigator-490 V 24".13;товар;шт;21-ск, рама AL (356мм), аморт. вилка XCT SR SUNTOUR, SHIMANO ST-EF51/FD-M190/RD-M360, кассета DNP, двойные AL обода WEINMANN, AL тормоза V-типа TEKTRO, пластиковые крылья, звонок;;22620
;Pilot-830 24.13;товар;шт;3-ск, рама AL (350мм), SHIMANO Nexus, двойные AL обода, зад. ножной тормоз, передний AL тормоз V-типа, длинные пластиковые крылья, багажник, зад. фонарь, перед. фара, звонок;;13405
;Pilot-830 24";товар;шт;3-ск., рама AL (14"), аморт. вилка стальная, SHIMANO SL-RS35, двойные AL обода, тормоза передний AL, пл. крылья, багажник, звонок, насос;;16190
;Горные ;;;;;
;Aggressor 26";товар;шт;21-ск., рама AL (16") аморт. вилка DIRT RST, SHIMANO ST-EF51/FD-TX50/RD-M310/MF-TZ21, двойной AL обод WEINMANN, передний механический дисковый тормоз, задние V-типа;;26280
;Navigator-500 V 26";товар;шт;18-ск., рама STEEL (17.5"/19.5"/21.5"), аморт. вилка сталь, SHIMANO SL-RS35/FD-TZ30/RD-TX35/MF-TZ20, двойной AL обод, тормоза PROMAX V-типа пл.крылья;;12465
;Navigator-510 V 26" (новый дизайн);товар;шт;21-ск., рама AL (16"), аморт. вилка XCT SR SUNTOUR, SHIMANO ST-EF51/FD-TX50/RD-TX35D/MF-TZ21, двойной AL обод, тормоза V-типа пл. крылья;;16110
;Navigator-530 V 26";товар;шт;18-ск., рама  STEEL (18"), стальная жесткая вилка, SHIMANO SL-RS36/FD-TX50/RD-TX35/MF-TZ20, двойной AL обод WEINMANN, тормоза V-типа, пл.крылья;;13210
;Navigator-550 V 26";товар;шт;21-ск., рама  STEEL (18"), аморт. вилка XCT SR SUNTOUR, SHIMANO ST-EF51/FD-TX51/RD-TX34/MF-TZ21, двойной AL обод WEINMANN, тормоза V-типа, пл.крылья;;15305
;Navigator-570 V 26";товар;шт;21-ск., рама AL (18") аморт. вилка XCT SR SUNTOUR, SHIMANO ST-EF65/FD-TX50/RD-M360/CS-HG41, двойной AL обод WEINMANN, тормоза V-типа, TEKTRO, пл. крылья;;18285
;Navigator-600 V 26";товар;шт;21-ск., рама AL (17"/19"/21") аморт. Стальная вилка, SHIMANO ST-EF51/FD-TZ31/RD-TX35D/MF-TZ21, двойной AL обод WEINMANN, тормоза V-типа, пл.крылья;;14425
;Navigator-610 MD 26" (новый дизайн);товар;шт;21-ск., рама AL (15.5"/17.5"/19.5"/21.5") аморт. вилка XCT SR SUNTOUR, SHIMANO ST-EF51/FD-TZ31/RD-TX35D/MF-TZ21, двойной AL обод WEINMANN, механические дисковые тормоза, пл.крылья;;18285
;Navigator-610 V 26" (новый дизайн);товар;шт;21-ск., рама AL (15.5"/17.5"/19.5"/21.5") аморт. вилка XCT SR SUNTOUR, SHIMANO ST-EF51/FD-TZ31/RD-TX35D/MF-TZ21, двойной AL обод WEINMANN, тормоза V-типа, пл.крылья;;16250
;Navigator-630 MD 26";товар;шт;21-ск., рама AL (15.5"/17.5"/19.5"/21.5") аморт. вилка XCT SR SUNTOUR, SHIMANO ST-EF51/FD-TX51/RD-M310/CS-HG20, двойной AL обод WEINMANN, механический дисковый тормоз ARIES TEKTRO, пл.крылья;;19910
;Navigator-630 V 26";товар;шт;21-ск., рама AL (15.5"/17.5"/19.5"/21.5") аморт. вилка XCT SR SUNTOUR, SHIMANO ST-EF51/FD-TX51/RD-M310/CS-HG20, двойной AL обод WEINMANN, тормоза V-типа, пл.крылья;;17875
;Navigator-650 MD 26" (новый дизайн);товар;шт;21-ск., рама AL (15.5"/17.5"/19.5"/21.5") аморт. вилка XCM SR SUNTOUR, SHIMANO ST-EF51/FD-TX51/RD-M360/CS-HG41, двойной AL обод WEINMANN, механические дисковые тормоза TEKTRO NOVELA, пл. крылья;;21935
;Navigator-650 MD 27.5" (новая модель);товар;шт;21-ск., рама AL (16"/17.5"/19.5"/21.5") аморт. вилка XCT SR SUNTOUR, SHIMANO ST-EF65/FD-M191/RD-M360/CS-HG41, двойной AL обод WEINMANN, механические дисковые тормоза TEKTRO NOVELA, пл. крылья;;23030
;Navigator-650 V 26".14;товар;шт;21-ск., рама AL (15.5/17.5/19.5/21.5"), аморт. вилка XCT SR SUNTOUR, SHIMANO ST-EF51/FD-TX51/RD-M360, кассета DNP, двойные AL обода, AL тормоза V-типа TEKTRO, пл. крылья;;18240
;Navigator-650 V 26" (новый дизайн);товар;шт;21-ск., рама AL (15.5"/17.5"/19.5"/21.5") аморт. вилка XCM SR SUNTOUR, SHIMANO ST-EF51/FD-TX51/RD-M360/CS-HG41, двойной AL обод WEINMANN, тормоза V-типа TEKTRO, пл. крылья;;19775
;Navigator-670 MD 26";товар;шт;21-ск., рама AL (17"/19"/21") аморт. вилка XCT SR SUNTOUR, SHIMANO ST-EF51/FD-M190/RD-M360/CS-HG41, двойной AL обод WEINMANN, механические дисковые тормоза TEKTRO NOVELA, пл.крылья;;23835
;Navigator-690 MD 26";товар;шт;24-ск., рама AL (17"/19"/21") аморт. вилка XCM SR SUNTOUR, SHIMANO ST-EF65/FD-M360/RD-M360/CS-HG41, двойной AL обод WEINMANN, механические дисковыые тормоза TEKTRO AQUILA, пл.крылья;;27085
;Navigator-690 V 26".13;товар;шт;24-ск., рама AL (16.0/18.0"), аморт. вилка XCM SR SUNTOUR, SHIMANO ST-EF51/FD-TX51/RD-M360, кассета DNP, двойные AL обода, AL тормоза V-типа TEKTRO, пл. крылья;;20720
;Navigator-710 MD 27.5".14;товар;шт;'21-ск., рама AL (17.5/19.5/21.0"), аморт. вилка XCT SR SUNTOUR, SHIMANO ST-EF51/FD-TX51/RD-TX35/MF-TZ21,
мех. дисковые тормоза TEKTRO, двойные AL обода WEINMANN, покрышки CHAOYANG, пл. Крылья';;23970
;Navigator-710 MD 27.5" (новый дизайн);товар;шт;21-ск., рама ALX6 (17"/19"/21") аморт. вилка XCT SR SUNTOUR, SHIMANO ST-EF51/FD-TX51/RD-TX35D/MF-TZ21, двойной AL обод WEINMANN, механические дисковые тормоза NOVELLA TEKTRO, пл. крылья;;28030
;Navigator-730 MD 26".13;товар;шт;21-ск., рама AL (17.5/19.5/21.5"), аморт. вилка XCМ SR SUNTOUR, SHIMANO ST-EF51/FD-TX51/RD-M310/MF-TZ21, двойные AL обода WEINMANN, мех. дисковые тормоза TEKTRO, пл. крылья;;23300
;Navigator-730 MD 27,5".14 ;товар;шт;21-ск., рама AL (17.5/19.5/21.5"), аморт. вилка XCМ SR SUNTOUR, SHIMANO ST-EF51/FD-TX51/RD-M310/MF-TZ21, двойные AL обода WEINMANN, мех. дисковые тормоза TEKTRO, пл. крылья;;24790
;Navigator-730 MD 27.5" (новый дизайн);товар;шт;21ск., рама ALX6 (17"/19"/21") аморт. вилка XCM SR SUNTOUR, SHIMANO ST-EF51/FD-TX51/RD-M310/CS-HG20, двойной AL обод WEINMANN, механические дисковые тормоза NOVELLA TEKTRO, пл. крылья;;30340
;Navigator-730 V 26".13;товар;шт;21-ск., рама AL (17.5/19.5/21.5"), аморт. вилка XCМ SR SUNTOUR, SHIMANO ST-EF51/FD-TX51/RD-M310/MF-TZ21, двойные AL обода WEINMANN, AL тормоза V-типа TEKTRO, пл. крылья;;21935
;Navigator-750 MD 26".13 ;товар;шт;21-ск., рама AL (17.5/19.5/21.5"), аморт. вилка XCМ SR SUNTOUR, SHIMANO ST-EF51/FD-TX51/RD-M360, кассета DNP, двойные AL обода ALEX, мех. дисковые тормоза Aquila TEKTRO, пл. крылья;;21400
;Navigator-750 MD 27,5".14 ;товар;шт;21-ск., рама AL (17.3/19.3/21"), аморт. вилка XCМ SR SUNTOUR, SHIMANO ST-EF51/FD-TX51/RD-M360, кассета DNP, двойные AL обода ALEX, мех. дисковые тормоза Aquila TEKTRO, пл. крылья;;29790
;Navigator-750 MD 27.5";товар;шт;24-ск., рама ALX6 (17"/19"/21") аморт. вилка XCM SR SUNTOUR, SHIMANO SL-M360/FD-TX51/RD-M360/CS-HG41, двойной AL обод WEINMANN, механические дисковые тормоза AQUILLA TEKTRO, пл. крылья;;31420
;Navigator-750 V 26".13;товар;шт;21-ск., рама AL (17.5/19.5/21.5"), аморт. вилка XCМ SR SUNTOUR, SHIMANO ST-EF51/FD-TX51/RD-M360, кассета DNP, двойные AL обода ALEX, AL тормоза V-типа TEKTRO, пл. крылья;;18695
;Navigator-770 D 26".13 ;товар;шт;24-ск., рама AL (17.5/19.5/21.5"), аморт. вилка XCR SR SUNTOUR, SHIMANO SL-M410/FD-M191/RD-M430, кассета DNP, двойные AL обода ALEX, гидравлические дисковые тормоза Auriga Comp TEKTRO, пл. крылья;;27145
;Navigator-770 D 27,5".14;товар;шт;24-ск., рама AL (17.3/19.3/21"), аморт. вилка XCR SR SUNTOUR, SHIMANO SL-M410/FD-M191/RD-M430, кассета DNP, двойные AL обода ALEX, гидравлические дисковые тормоза Auriga Comp TEKTRO, пл. крылья;;38595
;Navigator-770 D 27.5" (новый дизайн);товар;шт;27-ск., рама ALX6 (17"/19"/21") аморт. вилка XCR SR SUNTOUR, SHIMANO SL-M400/FD-T400/RD-T400/CS-HG40, двойной AL обод WEINMANN, гидравлические дисковые тормоза DRACO TEKTRO, пл.крылья;;40080
;Navigator-770 V 26".13;товар;шт;24-ск., рама AL (17.5/19.5/21.5"), аморт. вилка XCR SR SUNTOUR, SHIMANO SL-M410/FD-M191/RD-M430, кассета DNP, двойные AL обода ALEX, AL тормоза V-типа TEKTRO, пл. крылья;;22755
;Navigator-790 D 27.5";товар;шт;27-ск., рама ALX6 (17"/19"/21"), аморт. вилка XCR SR SUNTOUR, SHIMANO SL-M590/FD-T400/RD-M591/CS-HG40, двойной AL обод WEINMANN, гидравлически дисковые тормоза SHIMANO, пл.крылья;;46590
;Navigator-790 D 27,5".14 ;товар;шт;21-ск., рама AL (17.5/19.5/21.0"), аморт. вилка XCR SR SUNTOUR, SHIMANO ST-M590/FD-M430/RD-M591/CS-HG50, гидравл. дисковые тормоза SHIMANO, двойные AL обода WEINMANN, покрышки CHAOYANG, пл. Крылья;;45645
;Navigator-810 MD 26".14 ;товар;шт;21-ск., рама АL (16.0/17.7/19.3/21.3"), аморт. вилка XCT SR SUNTOUR, SHIMANO ST-EF51/FD-TX50/RD-M280/MF-TZ21, двойные AL обода WEINMANN, мех. дисковый тормоз Novela TEKTRO, пл. крылья;;24790
;Navigator-810 MD 26";товар;шт;21-ск., рама AL (17.5"/19.5"/21.5") аморт. вилка XCT SR SUNTOUR, SHIMANO ST-EF65/FD-TX50/RD-M280/MF-TZ21, двойной AL обод WEINMANN, механические дисковые тормоза NACS TEKTRO, пл. крылья;;25185
;Navigator-810 V 26".14;товар;шт;21-ск., рама АL (16.0/17.7/19.3/21.3"), аморт. вилка XCT SR SUNTOUR, SHIMANO ST-EF51/FD-TX50/RD-M280/MF-TZ21, двойные AL обода WEINMANN, AL тормоза V-типа TEKTRO, пл. крылья;;22620
;Navigator-810 V 26" (новый дизайн);товар;шт;21-ск., рама AL (17.5"/19.5"/21.5") аморт. вилка XCT SR SUNTOUR, SHIMANO ST-EF65/FD-TX50/RD-M280/MF-TZ21, двойной AL обод WEINMANN, тормоза V-типа TEKTRO, пл. крылья;;22755
;Navigator-830 MD 26".14 ;товар;шт;21-ск., рама АL (16.0/17.7/19.3/21.3"), аморт. вилка XCM SR SUNTOUR, SHIMANO ST-EF65/FD-TX50/RD-M310/CS-HG41, мех.дисковые тормоза TEKTRO, двойные AL обода WEINMANN, покрышки CHAOYANG, пл. Крылья;;26540
;Navigator-830 MD 26" (новый дизайн);товар;шт;21-ск., рама AL(17.5"/19.5"/21.5") аморт. вилка XCM SR SUNTOUR, SHIMANO ST-EF65/FD-TX50/RD-M310/CS-HG41/ двойной AL обод WEINMANN, механические дисковые тормоза AQUILA TEKTRO, пл. крылья;;27085
;Navigator-830 V 26".14;товар;шт;21-ск., рама АL (16.0/17.7/19.3/21.3"), аморт. вилка XCM SR SUNTOUR, SHIMANO ST-EF65/FD-TX50/RD-M310/CS-HG41, AL тормоза V-типа TEKTRO, двойные AL обода WEINMANN, покрышки CHAOYANG, пл. Крылья;;23300
;Navigator-830 V 26" (новый дизайн);товар;шт;21-ск., рама AL (17.5"/19.5"/21.5") аморт. вилка XCM SR SUNTOUR, SHIMANO ST-EF65/FD-TX50/RD-M310/CS-HG41, двойной AL обод WEINMANN, тормоза V-типа TEKTRO, пл. крылья;;23835
;Navigator-850 MD 26".14;товар;шт;21-ск., рама АL (16.0/17.7/19.3/21.3"), аморт. вилка XCM SR SUNTOUR, SHIMANO ST-EF65/FD-TX50/RD-M360/CS-HG41, двойные AL обода ALEX, мех. дисковый тормоз Aquila TEKTRO, пл. крылья;;27225
;Navigator-850 MD 26" (новый дизайн);товар;шт;21-ск., рама AL (17.5"/19.5"/21.5") аморт. вилка XCM SR SUNTOUR, SHIMANO ST-EF65/FD-TX50/RD-M360/CS-HG41, двойной AL обод WEINMANN, механические дисковые тормоза AQUILA TEKTRO, пл. крылья;;27360
;Navigator-850 V 26".14;товар;шт;21-ск., рама АL (16.0/17.7/19.3/21.3"), аморт. вилка XCM SR SUNTOUR, SHIMANO ST-EF65/FD-TX50/RD-M360/CS-HG41, AL тормоза V-типа TEKTRO, двойные AL обода ALEX, покрышки CHAOYANG, пл. Крылья;;24105
;Navigator-850 V 26" (новый дизайн);товар;шт;21-ск, рама AL(17.5"/19.5"/21.5") аморт. вилка XCM SR SUNTOUR, SHIMANO ST-EF65/FD-TX50/RD-M360/CS-HG41, двойной AL обод WEINMANN, тормоза V-типа TEKTRO, пл.крылья;;24655
;Navigator-870 D 26".14;товар;шт;24-ск., рама АL (16.0/17.7/19.3/21.3"), аморт. вилка Omega ML RST, SHIMANO SL-M410/FD-M360/RD-M592/CS-HG41, двойные AL обода ALEX, гидравлические дисковые тормоза Auriga Comp TEKTRO, пл. крылья;;34945
;Navigator-870 D 26" (новый дизайн);товар;шт;27-ск., рама AL (17.5"/19.5"/21.5"), аморт. вилка XCR SR SUNTOUR, SHIMANO SL-M400/FD-M4000/RD-M592/CS-HG62, двойной AL обод ALEXRIMS, гидравлические дисковые тормоза DRACO TEKTRO, пл. крылья;;38730
;Navigator-870 V 26".13;товар;шт;24-ск., рама АL (16.0/17.7/19.3/21.3"), аморт. вилка Omega ML RST, SHIMANO SL-M410/FD-M360/RD-M592/CS-HG41, двойные AL обода ALEX, AL тормоза V-типа TEKTRO, пл. крылья;;26005
;Navigator-870 V 26".14;товар;шт;24-ск., рама АL (16.0/17.7/19.3/21.3"), аморт. вилка Omega ML RST, SHIMANO SL-M410/FD-M360/RD-M592/CS-HG41, двойные AL обода ALEX, AL тормоза V-типа TEKTRO, пл. крылья;;31965
;Navigator-870.12 Disc;товар;шт;26" 24-ск., рама АL (Gent 15/17/18.7/20.7/22.4"), Shimano ALTUS/ALIVIO/EF60,  вилка RST OMEGA, пл. крылья, диск. тормоз AQUILA TEKTRO, дв. AL обод;;31555
;Navigator-890 D 26" CARBON;товар;шт;30-ск., рама CARBON (18"/20"), аморт. вилка FIRST AIR RST, SHIMANO SL-M610/FD-M611/RD-M670/CS-HG62, двойной AL обод ALEXRIMS, гидравлические дисковые тормоза SHIMANO;;98725
;Navigator-900 D 29";товар;шт;21-ск., рама AL (16"/18"/20"), аморт. вилка XCT SR SUNTOUR, SHIMANO-SL-M310/FD-190/RD-M360/CS-HG41, двойной AL обод WEINMANN, гидравлические дисковые тормоза Draco TEKTRO, пл. крылья;;30870
;Navigator-930 D 29";товар;шт;24-ск., рама АL (17.5/19.5"), аморт. вилка Omega ML RST, SHIMANO SL-M360/FD-M360/RD-M400/CS-HG41, двойной AL обод WEINMANN, гидравлические дисковые тормоза Draco TEKTRO, пл. крылья;;36300
;Женские;;;;;
;Miss-5000 V 26";товар;шт;21-cк., рама STEEL (16"/18") аморт. вилка стальная, SHIMANO SL-RS35/FD-TZ30/RD-TX35D/MF-TZ20, двойной AL обод, тормоза V-типа, пл.крылья;;12860
;Miss-6000 V 26";товар;шт;21-ск., рама AL (15"/17"), аморт. вилка стальная, SHIMANO SL-RS35/FD-TY10/RD-TX35D/MF-TZ20, двойной AL обод, тормоза V-типа, пл. крылья;;14350
;Miss-6100 V 26";товар;шт;21-ск., рама AL (15.5"/17.5"/19.5"), аморт. вилка SR SUNTOUR XCT, SHIMANO ST-EF51/FD-TY10/RD-TX35D/MF-TZ21, двойной AL обод, тормоза V-типа, пл. рылья;;16795
;Miss-6300 V 26";товар;шт;21-ск., рама AL (15.5"/17.5"/19.5"), аморт.Вилка XCT SR SUNTOUR, SHIMANO ST-EF51/FD-TX50/RD-M310/MF-TZ21, двойной AL обод, тормоза V-типа, пл.крылья;;18420
;Miss-6500 V 26";товар;шт;21-ск., рама AL (15.5"/17.5"/19.5"), аморт.Вилка XCT SR SUNTOUR, SHIMANO ST-EF65/FD-TX50/RD-M360/CS-HG41, двойной AL обод, тормоза V-типа TEKTRO, пл.крылья;;20320
;Miss-6700 MD 26";товар;шт;24-ск., рама AL (15.5"/17.5"/19.5") аморт. вилка XCM SR SUNTOUR, SHIMANO ST-EF65/FD-TX50/RD-M360/CS-HG31, двойной AL обод WEINMANN, дисковые маханические тормоза NOVELA TEKTRO, пл. крылья;;23030
;Miss-6900 V 26".13;товар;шт;21-ск., рама AL (15.3/17.0/18.9"), аморт. вилка XCT SR SUNTOUR, SHIMANO ST-EF51/FD-TX50/RD-M310/CS-HG41, двойные AL обода WEINMANN, AL тормоза V-типа PROMAX, пл. крылья;;17600
;Miss-7100 V 26" (новый дизайн);товар;шт;21-ск., рама AL (15,3"/17"/19"), аморт. вилка XCT SR SUNTOUR, SHIMANO ST-EF65/FD-TX50/RD-TX35D/MF-TZ21, двойной AL обод WEINMANN, тормоза V-типа, пл.крылья;;22345
;Miss-7300 MD 26" (новая модель);товар;шт;21-ск., рама AL (15.3"/17"/19"), аморт. вилка SR SUNTOUR XCM, SHIMANO SL-M360/FD-M190/RD-M360/CS-HG41, дисковые механические тормоза AQUILA TEKTRO, пл. крылья;;27360
;Miss-7300 V 26".14;товар;шт;21-ск., рама AL (15.3/17.0/18.9"), аморт. вилка XCM SR SUNTOUR, SHIMANO ST-EF51/FD-TX50/RD-M310/MF-TZ21, двойные AL обода WEINMANN, AL тормоза V-типа TEKTRO, пл. крылья;;23165
;Miss-7500 V 26";товар;шт;21-ск., рама AL (16"/18"), аморт. вилка SR SUNTOUR XCT, SHIMANO ST-EF65/FD-TX50/RD-M310/MF-TZ21, двойной AL обод WEINMANN, тормоза V-типа TEKTRO, пл. крылья;;20990
;Miss-7700 V 26";товар;шт;21-ск., рама AL (15"/17"), аморт. вилка SR SUNTOUR NEX, SHIMANO ST-EF51/FD-TX50/RD-M310/MF-TZ21, двойной AL обод, тормоза V-типа TEKTRO, пл. крылья;;20580
;Miss-7900 V 26";товар;шт;8-ск., рама AL (15"/17"), аморт. вилка SR SUNTOUR, SHIMANO SL-8S31A/NEXUS 8-sp/SHIMANO, двойные AL обода WEINMANN, передний тормоз V-типа TEKTRO, задний ножной тормоз SHIMANO, пл. крылья, багажник;;29930
;Miss-8100 V 26";товар;шт;21-ск., рама AL (17"/18.5"), аморт. вилка XCT SR SUNTOUR, SHIMANO ST-EF51/FD-TX50/RD-TX35D/MF-TZ21, двойной AL обод WEINMANN, тормоза V-итипа TEKTRO, пл. крылья;;20580
;Miss-8300 V 26".13;товар;шт;21-ск, рама AL (17.0/18.5"), аморт. вилка XCM SR SUNTOUR, SHIMANO ST-EF51/FD-TX50/RD-M310/MF-TZ21, двойные AL обода WEINMANN, AL тормоза V-типа TEKTRO, пл. крылья;;18285
;Miss-8300 V 26";товар;шт;21-ск., рама AL (17"/18.5"), аморт. вилка XCM SR SUNTOUR, SHIMANO ST-EF65/FD-TX50/RD-M310/MF-TZ21, двойной AL обод WEINMANN, тормоза V-типа TEKTRO, пл. крылья;;21540
;Miss-8500 V 26";товар;шт;21-ск., рама AL (17"/18.5"), аморт. вилка XCM SR SUNTOUR, SHIMANO ST-EF65/FD-TX50/RD-M360/CS-HG41, двойной AL обод ALEXRIMS, тормоза V-типа TEKTRO, пл. крылья;;23425
;Miss-8700 V 26";товар;шт;24-ск., рама AL (17"/18.5"), аморт. вилка XCM SR SUNTOUR, SHIMANO SL-M360/FD-M360/RD-T400/CS-HG31, двойной AL обод ALEXRIMS, тормоза V-типа TEKTRO, пл. крылья;;25735
;Miss-8900 MD 26";товар;шт;24-ск., рама AL (17"/18.5") аморт. вилка OMEGA ML RST, SHIMANO SL-M360/FD-M390/RD-M591/CS-HG31, двойной AL обод WEINMANN, механические дисковые тормоза AQUILA TEKTRO, пл.крылья;;35080
;Miss-9100 V 26";товар;шт;21-ск., рама AL (15.7"/17.7"), аморт. вилка NEX SR SUNTOUR, SHIMANO ST-EF51/FD-TX51/RD-M310/CS-HG20, двойной AL обод WEINMANN, тормоза V-типа TEKTRO, пл. крылья;;23165
;Miss-9300 V 26".13;товар;шт;24-ск, рама AL (15.7/17.7"), аморт. вилка Neon ML RST, SHIMANO ST-M360/FD-TX51/RD-M360/CS-HG40, двойные AL обода WEINMANN, AL тормоза V-типа TEKTRO, пл. крылья, звонок;;20445
;Miss-9300 V 26";товар;шт;24-ск., рама AL (15.7"/17.7"), аморт. вилка CRV8 SR SUNTOUR, SHIMANO ST-EF65/FD-TX51/RD-M360/CS-HG41, двойной AL обод WEINMANN, тормоза V-типа TEKTRO, пл. крылья;;24655
;Miss-9300.12;товар;шт;26" 24-ск, рама AL (Lady15.7/17.7"), Shimano TX51/ACERA/ACERA, AL тормоза V-типа, TEKTRO, вилка RST NEON, пл. крылья, дв. AL обод.;;19640
;Miss-9500 MD 26";товар;шт;24-ск., рама AL (15.7"/17.7"), аморт. вилка NEON RST, SHIMANO SL-M360/FD-TX51/RD-M400/CS-HG41, двойной AL обод WEINMANN, механические дисковые тормоза NOVELA TEKTRO, пл. крылья;;29790
;Miss-9500.11;товар;шт;26" 24-ск, рама AL (Lady15.7/17.7"), Shimano TX51/ACERA/ACERA,  AL тормоза V-типа, TEKTRO, вилка RST NEON, пл. крылья, дв. AL обод.;;22605
;Miss-9500.13 ;товар;шт;24-ск, рама AL (15.7/17.7"), аморт. вилка Neon ML RST, SHIMANO ST-M360/FD-TX51/RD-M430/CS-HG40, двойные AL обода WEINMANN, мех. дисковые тормоза Aquila TEKTRO, пл. крылья, звонок;;26545
;Дорожные;;;;;
;Navigator-210 Gent 26";товар;шт;1-ск., рама  STEEL (19"/20.5"), вилка  сталь,  AL обода, тормоз задний ножной, крылья из нерж. стали, багажник, корзина, насос, звонок;;8390
;Navigator-210 Lady 26";товар;шт;1-ск., рама  STEEL (17"/19"), вилка  сталь,  AL обода, тормоз задний ножной, крылья из нерж. стали, багажник, корзина, насос, звонок;;8390
;Navigator-250 Gent 26";товар;шт;7-ск., рама  STEEL (19"/20.5"), вилка  сталь, SHIMANO  MF-TZ21/RD-TX35B/ST-EF51/, AL обода, тормоза POWER алюминий, крылья из нерж. стали, багажник, корзина, насос, звонок;;10700
;Navigator-250 Lady 26";товар;шт;7-ск., рама  STEEL (17"/19"), вилка  сталь, SHIMANO  MF-TZ21/RD-TX35B/ST-EF51/, AL обода, тормоза POWER алюминий, крылья из нерж. стали, багажник, корзина, насос, звонок;;10700
;Navigator-300 Gent 28" (производство);товар;шт;1-ск, paмa сталь 20.0", втулки KT, зад. ножной тормоз, двойные AL обода, седло CIONLLI, длинные крылья из нерж. стали, багажник, звонок, насос;;7175
;Navigator-300 Lady 28" (производство);товар;шт;1-ск, paмa сталь 20.0", втулки KT, зад. ножной тормоз, двойные AL обода, седло CIONLLI, длинные крылья из нерж. стали, багажник, звонок, насос;;7175
;Navigator-310 Gent 28";товар;шт;1-ск, paмa сталь (20.0"), втулки KT, зад. ножной тормоз, двойные AL обода, седло CIONLLI, длинные крылья из нерж. стали, багажник, корзина, звонок, насос;;8605
;Navigator-310 Lady 28";товар;шт;1-ск, paмa сталь (20.0"), втулки KT, зад. ножной тормоз, двойные AL обода, седло CIONLLI, длинные крылья из нерж. стали, багажник, корзина, звонок, насос;;8605
;Navigator-340 Lady 28" (новый дизайн);товар;шт;1-ск, paмa сталь (18"), втулки KT, зад. ножной тормоз KT, двойные AL обода, седло CIONLLI, покрышки CHAO YANG,  длинные крылья из нерж. стали, багажник, корзина, звонок, насос;;9620
;Navigator-350 Gent 28";товар;шт;7-ск., рама  STEEL (20"), вилка стальная, SHIMANO ASLM310R7A/SL-MF-TZ21, двойные AL обода, AL тормоза POWER, стальные крылья, багажник, звонок, корзина;;11035
;Navigator-350 Lady 28";товар;шт;7-ск., рама  STEEL (18"), вилка стальная, SHIMANO ASLM310R7A/SL-MF-TZ21, двойные AL обода, AL тормоза POWER, стальные крылья, багажник, звонок, корзина;;10975
;Navigator-360 Gent 28".13;товар;шт;1-ск, paмa AL (20.0"),  двойные AL обода, зад. ножной тормоз, втулки KT, длинные AL крылья, покрышки INNOVA, седло CIONLLI, AL багажник, корзина, насос;;11110
;Navigator-360 Lady 28".14;товар;шт;1-ск, paмa AL (18.0"),  двойные AL обода, зад. ножной тормоз, втулки KT, длинные AL крылья, покрышки INNOVA, седло CIONLLI, AL багажник, корзина, насос;;11250
;Navigator-360.11 Gent;товар;шт;28" дор., AL рама (Gent/Lady), 1-ск ,  хром руль, AL дв. обод,  усил. багажник, корзинка, звонок, насос.;;9485
;Navigator-360.12 Gent;товар;шт;28" дор., AL рама (Gent/Lady), 1-ск ,  хром руль, AL дв. обод,  усил. багажник, корзинка, звонок, насос.;;9620
;Navigator-370 Gent 28".12;товар;шт;28" дор., AL рама (Gent/Lady), 7-ск , Shimano TY22/EF50, хром руль, AL дв. обод, усил. багажник, корзинка, звонок, насос.;;12055
;Navigator-370 Lady 28".14;товар;шт;7-ск, paмa AL (18.0"), SHIMANO ST-EF51/RD-TY22/MF-TZ21, двойные AL обода, AL тормоза V-типа TEKTRO, втулки КТ, длинные AL крылья,покрышки INNOVA, AL багажник, корзина, насос, звонок;;12860
;Navigator-380 Gent 28";товар;шт;3-ск., paмa AL (20"), вилка стальная, SHIMANO ASMGEAR21L/SL-3S41E, двойные AL обода, AL тормоза, ал. Крылья, багажник, звонок, корзина, насос;;16995
;Navigator-380 Lady 28";товар;шт;3-ск., paмa AL (18"), вилка стальная, SHIMANO ASMGEAR21L/SL-3S41E, двойные AL обода, AL тормоза, ал. Крылья, багажник, звонок, корзина, насос;;16995
;Комфортные;;;;;
;Energy-I 26";товар;шт;1-ск., рама AL (16"), аморт.вилка стальная, жесткая, двойные AL обода, передний тормоз: V-типа C310, TEKTRO, задний: барабанный, стальные крылья, корзина передняя, корзина задняя;;25735
;Energy-II 26";товар;шт;3-ск., рама AL (16"), аморт.вилка стальная, жесткая, двойные AL обода, стальные крылья, корзина передняя, корзина задняя;;32770
;Energy-III 26";товар;шт;3-ск., рама AL (16"), аморт.вилка стальная, жесткая, двойные AL обода, стальные крылья, корзина передняя, корзина задняя;;29520
;Miss-7000 V 26";товар;шт;21-ск., рама AL (16"/18"), аморт. вилка NEX SR SUNTOUR, SHIMANO ST-EF51/FD-TX51/RD-TX35D/MF-TZ21, двойной AL обод, тормоза V-типа, стальные крылья, багажник с зажимом;;19230
;Navigator-130 Gent 26" 1-sp;товар;шт;1-ск., рама AL (19"), аморт. вилка стальная, жесткая, SHIMANO 16 зубьев, KT, сталь, двойные AL обода, задний ножной тормоз , стальные крылья, звонок, насос;;13955
;Navigator-130 Gent 26" 3-sp;товар;шт;3-ск., рама AL (19"), аморт.вилка стальная, жесткая  , SHIMANO SL-3S35/ASMGEAR18LP, двойные AL обода, задний ножной тормоз, стальные крылья, звонок, насос;;17205
;Navigator-130 Lady 26" 1-sp;товар;шт;1-ск., рама AL (17"), аморт. Вилка стальная, жесткая, SHIMANO 16 зубьев, сталь, двойные AL обода, задний ножной тормоз, стальные крылья, звонок, насос;;15305
;Navigator-130 Lady 26" 3-sp;товар;шт;3-ск., рама AL (17"), аморт. вилка стальная, жесткая, SHIMANO SL-3S35/18 зубьев, сталь, двойные AL обода, задний ножной тормоз , стальные крылья, звонок, насос;;18420
;Navigator-150 Gent 26" 1-sp;товар;шт;1-ск., рама AL (17,5"), аморт. вилка стальная, жесткая, SHIMANO сталь ASMGEAR18LP, двойные AL обода, задний ножной тормоз , стальные крылья;;16520
;Navigator-150 Gent 26" 3-sp;товар;шт;3-ск., рама AL (17,5"), аморт.вилка стальная, жесткая  , SHIMANO SL-3S35E/ASMGEAR18LP,  двойные AL обода, задний: ножной тормоз, стальные крылья;;18285
;Navigator-150 Lady 26" 1-sp;товар;шт;1-ск., рама AL (15,5"), аморт. вилка стальная, жесткая, SHIMANO ASMGEAR18LP, двойные AL обода, задний ножной тормоз , стальные крылья, звонок;;16520
;Navigator-150 Lady 26" 3-sp;товар;шт;3-ск., рама AL (15,5"), аморт. вилка стальная, жесткая, SHIMANO SL-3S35E/ASMGEAR18LP,  двойные AL обода, задний ножной тормоз, стальные крылья, звонок;;18285
;Navigator-270 26" (новая модель);товар;шт;3-ск., рама ал. (17.5"), вилка  сталь, SHIMANO DH-3R35/ SG-3R40/SM-GEAR21LP/SL-3S41E, AL обода, тормоза роллерные BR-IM45 SHIMANO, пл. крылья, звонок;;35750
;Navigator-290 26";товар;шт;3-ск., рама AL (18.5"), аморт. вилка SR SUNTOUR сталь, SHIMANO SL-3S35E, 22 зуба, двойные AL обода , алюминиевые тормоза , задний ножной, .пл. крылья, багажник, звонок, насос;;23695
;Navigator-700 V 26";товар;шт;21-ск., рама AL (18"/19,5") аморт. вилка NEX SR SUNTOUR, SHIMANO ST-EF51/FD-TX51/RD-TX35D/MF-TZ21, двойной AL обод, тормоза V-типа, крылья сталь;;18285
;Navigator-800 V 26";товар;шт;21-ск., рама AL (18"/20") аморт. вилка NEX SR SUNTOUR, SHIMANO ST-FE51/FD-TX51/RD-M360/MF-TZ21, двойной AL обод WEINMANN, тормоза V-типа TEKTRO, пл. крылья;;22620
;Гибрид;;;;;
;Cross-110 Gent 28".14;товар;шт;21-ск, рама AL (16.5/19.0/20.5"), аморт. вилка NEX SR SUNTOUR, SHIMANO ST-EF51/FD-TX51/RD-M360/CS-HG41, двойные AL обода ALEX, AL тормоза V-типа PROMAX;;25505
;Cross-110 Lady 28".14;товар;шт;21-ск, рама AL (16.5/19.0/20.5"), аморт. вилка NEX SR SUNTOUR, SHIMANO ST-EF51/FD-TX51/RD-M360/CS-HG41, двойные AL обода ALEX, AL тормоза V-типа PROMAX;;23650
;Cross-130 Gent 28".13;товар;шт;21-ск, рама AL (17.7/19.7/21.7"), аморт. вилка NEX SR SUNTOUR, SHIMANO ST-EF51/FD-TX51/RD-M360/CS-HG41, двойные AL обода ALEX, AL тормоза V-типа PROMAX;;17845
;Cross-130 Gent 28".14;товар;шт;21-ск, рама AL (17.7"/19.3"/20.9"), аморт. вилка NEX SR SUNTOUR, SHIMANO ST-EF65/FD-TX51/RD-M310/CS-HG41, AL тормоза V-типа TEKTRO, двойные AL обод ALEX;;21370
;Cross-130 Lady 28".14;товар;шт;21-ск, рама AL (15.7"/17.3"/18.9"), аморт. вилка NEX SR SUNTOUR, SHIMANO ST-EF65/FD-TX51/RD-M310/CS-HG41, AL тормоза V-типа TEKTRO, двойные AL обод ALEX;;21370
;Cross-150 Gent 28".13 ;товар;шт;24-ск, рама AL (17.7/19.3/20.9"), аморт. вилка NEX SR SUNTOUR, SHIMANO ST-EF51/FD-M310/RD-M360/CS-HG31, двойные AL обода ALEX, AL тормоза V-типа TEKTRO, звонок;;21265
;Cross-150 Gent 28".14;товар;шт;24-ск, рама AL (17.7"/19.3"/20.9"), аморт. вилка NEX SR SUNTOUR, SHIMANO ST-EF65/FD-M310/RD-M360/CS-HG41, мех. дисковые тормоза TEKTRO, двойные AL обода WEINMANN, звонок;;23240
;Cross-150 Lady 28".13;товар;шт;24-ск, рама AL (15.8/17.3/18.9"), аморт. вилка NEX SR SUNTOUR, SHIMANO ST-EF51/FD-M310/RD-M360/CS-HG31, двойные AL обод ALEX, AL тормоза V-типа TEKTRO, звонок;;21660
;Cross-170 Gent 28".14;товар;шт;24-ск, рама AL (17.7/19.3/20.9"), аморт. вилка NEX SR SUNTOUR, SHIMANO SL-M410/FD-M412/RD-M430/CS-HG51, двойные AL обода ALEX, гидравлические дисковые тормоза Draco TEKTRO, звонок;;28850
;Cross-170 Lady 28".13;товар;шт;24-ск, рама AL (15.8/17.3/18.9"), аморт. вилка NEX SR SUNTOUR, SHIMANO SL-M410/FD-M412/RD-M430/CS-HG51, двойные AL обода ALEX, гидравлические дисковые тормоза Draco TEKTRO, звонок;;26465
;Cross-170 Lady 28".14;товар;шт;24-ск, рама AL (15.8/17.3/18.9"), аморт. вилка NEX SR SUNTOUR, SHIMANO SL-M410/FD-M412/RD-M430/CS-HG51, двойные AL обода ALEX, гидравлические дисковые тормоза Draco TEKTRO, звонок;;28850
;Navigator-170 Gent 26".14;товар;шт;'28" гибрид, 21-ск (17.7", 19.7", 21.7"), хром руль, дв. AL обод ALEX,
Shimano TX51/RD-M360 (ACERA)/ST-EF51, AL тормоза V-типа';;23835
;Navigator-170 Lady 26".14;товар;шт;'28" гибрид, 21-ск (16.5", 19", 20.5"), хром руль, дв. AL обод ALEX,
Shimano TX51/RD-M360 (ACERA)/ST-EF51, AL тормоза V-типа';;23560
;Navigator-170 Lady 28".11;товар;шт;28" гибрид, 21-ск (Gent/Lady),  хром руль, AL обод WEINMANN, Shimano C051/RD-M360 (ACERA)/ST-EF50, AL V-brake;;15170
;Navigator-170 Lady 28".12;товар;шт;28" гибрид, 21-ск (Gent/Lady),  хром руль, AL обод WEINMANN, Shimano C051/RD-M360 (ACERA)/ST-EF50, AL V-brake;;17330
;Двухподвесные;;;;;
;Adrenalin MD 26".14;товар;шт;21-ск, рама AL, аморт. вилка XCM SR SUNTOUR, SHIMANO ST-EF65/FD-TX51/RD-M360/MF-TZ31, мех. дисковые тормоза TEKTRO, двойные AL обода WEINMANN, пл. крылья, рога;;25595
;Adrenalin MD 26" (новый дизайн);товар;шт;24-ск., рама AL (20"), аморт. вилка XCM SR SUNTOUR, SHIMANO ST-EF65/FD-M190/RD-M360/CS-HG41, двойной AL обод WEINMANN, дисковые механические тормоза NOVELA TEKTRO, пл. крылья;;28165
;Adrenalin V 26".14;товар;шт;21-ск, рама AL, аморт. вилка XCM SR SUNTOUR, SHIMANO ST-EF65/FD-TX51/RD-M360/MF-TZ31, AL тормоза V-типа TEKTRO, двойные AL обода WEINMANN, пл. крылья, рога;;23165
;Adrenalin V 26" (новый дизайн);товар;шт;24-ск., рама AL (20"), аморт. вилка XCM SR SUNTOUR, SHIMANO ST-EF65/FD-M190/RD-M360/CS-HG41, двойной AL обод WEINMANN, V-типа TEKTRO, пл. крылья;;26005
;Challenger MD 26";товар;шт;21-ск., рама STEEL (20"), аморт. вилка XCT SR SUNTOUR, SHIMANO ST-EF51/FD-TY10/RD-M360/MF-TZ21, двойной AL обод WEINMANN, механические дисковые тормоза NOVELA TEKTRO, пл.крылья;;21065
;Challenger V 24";товар;шт;21-ск., рама  STEEL (16"), вилка SR SUNTOUR алюминий, SHIMANO ST-EF51/FD-TY10/RD-M360/MF-TZ21, двойные AL обода, пл. крылья;;16935
;Challenger V 26";товар;шт;21-ск., рама STEEL (20"), аморт. вилка XCT SR SUNTOUR, SHIMANO ST-EF51/FD-TY10/RD-M360/MF-TZ21, двойной AL обод WEINMANN, тормоза V-типа TEKTRO, пл. крылья;;19365
;Focus 21-sp 26".14;товар;шт;21-ск, рама сталь, аморт. вилка ZOOM, SHIMANO ST-EF51/FD-TZ31/RD-TX35/MF-TZ21, двойные AL обода, AL тормоза V-типа PROMAX, пластиковые крылья;;14350
;Focus V 26" 18-sp;товар;шт;18-ск., рама STEEL (18"), аморт. вилка сталь, SHIMANO ST-EF40/FD-TZ31/RD-TY21/MF-TZ20, двойной AL обод, тормоза V-типа, пл. крылья;;13955
;Focus V 26" 21-sp (новый дизайн);товар;шт;21-ск., рама STEEL (18") аморт. вилка сталь, SHIMANO MF-TZ21/FD-TZ31/RD-TX35D/ST-EF51, двойной AL обод, тормоза V-типа, пл.крылья;;14350
;Navigator 26".14;товар;шт;24-ск, рама AL, аморт. вилка XCR SR SUNTOUR, SHIMANO ST-M360/FD-M310/RD-M360/CS-HG30, двойные AL обода WEINMANN, AL тормоза V-типа TEKTRO, пластиковые крылья, рога;;30615
;Navigator D 26" (новый дизайн);товар;шт;24-ск., рама AL (20,5") аморт. вилка XCM SR SUNTOUR, SHIMANO SL-M360/FD-M310/RD-M360/CS-HG31, двойной AL обод ALEXRIMS, гидравлические дисковые тормоза DRACO TEKTRO, пл. крылья;;35355
;Navigator V 26" (новый дизайн);товар;шт;24-ск., рама AL (20,5") аморт. вилка XCM SR SUNTOUR, SHIMANO SL-M360/FD-M310/RD-M360/CS-HG31, двойной AL обод ALEXRIMS, тормоза V-типа TEKTRO, пл. крылья;;30615
;Tornado MD 26";товар;шт;24-ск., рама AL (17"/19"), аморт. вилка XCM SR SUNTOUR, SHIMANO ST-EF51/FD-TX50/RD-M360/CS-HG41, двойной AL обод WEINMANN, механические дисковые тормоза NOVELA TEKTRO, пл. крылья;;33045
;Tornado V 26";товар;шт;24-ск., рама AL (17"/19"), аморт. вилка XCM SR SUNTOUR, SHIMANO ST-EF51/FD-TX50/RD-M360/CS-HG41, двойной AL обод WEINMANN, механические дисковые тормоза NOVELA TEKTRO, пл. крылья;;30750
;Voyager V 26";товар;шт;21-ск., рама AL/ST (19"), аморт. вилка M3020 SR SUNTOUR, SHIMANO ST-EF51/FD-TX51/RD-M360/MF-TZ21, двойной AL обод WEINMANN, механические дисковые тормоза NOVELA TEKTRO, пл. крылья;;25185
;Фристайл (BMX);;;;;
;Saber S1 20";товар;шт;1-ск, рама  STEEL (10"), AL тормоза U-типа TEKTRO, двойные AL обода WEINMANN, покрышки INNOVA, пеги сталь;;20445
;Saber S2 20";товар;шт;1-ск, рама  STEEL (10"), AL тормоза U-типа TEKTRO, двойные AL обода WEINMANN, покрышки INNOVA, пеги сталь;;20655
;Tyrant 20";товар;шт;1-ск, рама  STEEL (10"), AL тормоза U-типа TEKTRO, двойные AL обода WEINMANN, покрышки KENDA, пеги сталь;;15035
